Datetime,Water Level (m)
2025-11-15 12:00:00,0.04409441
2025-11-15 13:00:00,-0.06286508
2025-11-15 14:00:00,-0.13657771
2025-11-15 15:00:00,-0.18395929
2025-11-15 16:00:00,-0.1887629
2025-11-15 17:00:00,-0.00790775
2025-11-15 18:00:00,0.22981097
2025-11-15 19:00:00,0.435447
2025-11-15 20:00:00,0.58885896
2025-11-15 21:00:00,0.66987836
2025-11-15 22:00:00,0.6582811
2025-11-15 23:00:00,0.511589
2025-11-16 00:00:00,0.32579482
2025-11-16 01:00:00,0.19441086
2025-11-16 02:00:00,0.0913645
2025-11-16 03:00:00,0.020024812
2025-11-16 04:00:00,-0.03872429
2025-11-16 05:00:00,-0.03567188
2025-11-16 06:00:00,0.17353477
2025-11-16 07:00:00,0.4064215
2025-11-16 08:00:00,0.5996915
2025-11-16 09:00:00,0.69237363
2025-11-16 10:00:00,0.6835751
2025-11-16 11:00:00,0.53823787
2025-11-16 12:00:00,0.3724002
2025-11-16 13:00:00,0.23658465
2025-11-16 14:00:00,0.123992585
2025-11-16 15:00:00,0.03672424
2025-11-16 16:00:00,-0.03236343
2025-11-16 17:00:00,-0.04686202
2025-11-16 18:00:00,0.16595027
2025-11-16 19:00:00,0.42869952
2025-11-16 20:00:00,0.65893376
2025-11-16 21:00:00,0.80095166
2025-11-16 22:00:00,0.8635012
2025-11-16 23:00:00,0.7969104
2025-11-17 00:00:00,0.601595
2025-11-17 01:00:00,0.43892467
2025-11-17 02:00:00,0.29927993
2025-11-17 03:00:00,0.19174434
2025-11-17 04:00:00,0.10921128
2025-11-17 05:00:00,0.041984566
2025-11-17 06:00:00,0.056540545
2025-11-17 07:00:00,0.2988363
2025-11-17 08:00:00,0.5377052
2025-11-17 09:00:00,0.72325385
2025-11-17 10:00:00,0.7820512
2025-11-17 11:00:00,0.71852297
2025-11-17 12:00:00,0.5497374
2025-11-17 13:00:00,0.39515767
2025-11-17 14:00:00,0.25864673
2025-11-17 15:00:00,0.15239419
2025-11-17 16:00:00,0.0660605
2025-11-17 17:00:00,0.0025360922
2025-11-17 18:00:00,0.052599054
2025-11-17 19:00:00,0.32978538
2025-11-17 20:00:00,0.59918684
2025-11-17 21:00:00,0.8157269
2025-11-17 22:00:00,0.9300263
2025-11-17 23:00:00,0.9472089
2025-11-18 00:00:00,0.79607975
2025-11-18 01:00:00,0.5957749
2025-11-18 02:00:00,0.4428795
2025-11-18 03:00:00,0.3060787
2025-11-18 04:00:00,0.20633599
2025-11-18 05:00:00,0.123918965
2025-11-18 06:00:00,0.065770164
2025-11-18 07:00:00,0.16065061
2025-11-18 08:00:00,0.41871572
2025-11-18 09:00:00,0.65277505
2025-11-18 10:00:00,0.7971052
2025-11-18 11:00:00,0.8113143
2025-11-18 12:00:00,0.6907108
2025-11-18 13:00:00,0.5195524
2025-11-18 14:00:00,0.36816126
2025-11-18 15:00:00,0.23851468
2025-11-18 16:00:00,0.13781539
2025-11-18 17:00:00,0.056480676
2025-11-18 18:00:00,0.019728031
2025-11-18 19:00:00,0.2316394
2025-11-18 20:00:00,0.52189815
2025-11-18 21:00:00,0.7746317
2025-11-18 22:00:00,0.9368188
2025-11-18 23:00:00,1.0184726
2025-11-19 00:00:00,0.95358926
2025-11-19 01:00:00,0.7468559
2025-11-19 02:00:00,0.56973714
2025-11-19 03:00:00,0.41828787
2025-11-19 04:00:00,0.29590076
2025-11-19 05:00:00,0.20674014
2025-11-19 06:00:00,0.12681922
2025-11-19 07:00:00,0.10252879
2025-11-19 08:00:00,0.32846802
2025-11-19 09:00:00,0.584475
2025-11-19 10:00:00,0.7891718
2025-11-19 11:00:00,0.8634037
2025-11-19 12:00:00,0.81536955
2025-11-19 13:00:00,0.6448986
2025-11-19 14:00:00,0.4800243
2025-11-19 15:00:00,0.3326679
2025-11-19 16:00:00,0.21505602
2025-11-19 17:00:00,0.123809695
2025-11-19 18:00:00,0.052695923
2025-11-19 19:00:00,0.0982322
2025-11-19 20:00:00,0.40670994
2025-11-19 21:00:00,0.6919187
2025-11-19 22:00:00,0.9118646
2025-11-19 23:00:00,1.0394938
2025-11-20 00:00:00,1.0617429
2025-11-20 01:00:00,0.9076483
2025-11-20 02:00:00,0.6923274
2025-11-20 03:00:00,0.5305597
2025-11-20 04:00:00,0.38785434
2025-11-20 05:00:00,0.2799143
2025-11-20 06:00:00,0.19263484
2025-11-20 07:00:00,0.12228816
2025-11-20 08:00:00,0.17409009
2025-11-20 09:00:00,0.45182154
2025-11-20 10:00:00,0.69346166
2025-11-20 11:00:00,0.84168553
2025-11-20 12:00:00,0.8519538
2025-11-20 13:00:00,0.725567
2025-11-20 14:00:00,0.5531512
2025-11-20 15:00:00,0.39920866
2025-11-20 16:00:00,0.2670309
2025-11-20 17:00:00,0.16533488
2025-11-20 18:00:00,0.080215275
2025-11-20 19:00:00,0.033812106
2025-11-20 20:00:00,0.22496952
2025-11-20 21:00:00,0.5361465
2025-11-20 22:00:00,0.802557
2025-11-20 23:00:00,0.97846735
2025-11-21 00:00:00,1.0690641
2025-11-21 01:00:00,1.0080332
2025-11-21 02:00:00,0.7940752
2025-11-21 03:00:00,0.60572696
2025-11-21 04:00:00,0.4499695
2025-11-21 05:00:00,0.32325912
2025-11-21 06:00:00,0.22902398
2025-11-21 07:00:00,0.14867471
2025-11-21 08:00:00,0.10650767
2025-11-21 09:00:00,0.29260406
2025-11-21 10:00:00,0.5471311
2025-11-21 11:00:00,0.755385
2025-11-21 12:00:00,0.834091
